"trait_group","analysis","trait","trait_label","trait_units","site","species","week","n_obs","n_trees","mean","sd","se","ci95","lower_ci95","upper_ci95","pit_size"
"elemental_isotope","Primary site × species × week","nitro_perc","Foliar nitrogen","%","c","d",1,4,4,2.135,0.409,0.205,0.651,1.484,2.786,NA
"elemental_isotope","Primary site × species × week","nitro_perc","Foliar nitrogen","%","c","d",2,4,4,1.888,0.177,0.089,0.282,1.605,2.17,NA
"elemental_isotope","Primary site × species × week","nitro_perc","Foliar nitrogen","%","c","d",3,4,4,1.633,0.118,0.059,0.188,1.444,1.821,NA
"elemental_isotope","Primary site × species × week","nitro_perc","Foliar nitrogen","%","c","d",4,4,4,1.462,0.068,0.034,0.109,1.354,1.571,NA
"elemental_isotope","Primary site × species × week","nitro_perc","Foliar nitrogen","%","c","d",5,4,4,1.362,0.017,0.009,0.027,1.335,1.39,NA
"elemental_isotope","Primary site × species × week","nitro_perc","Foliar nitrogen","%","c","d",6,4,4,1.455,0.054,0.027,0.087,1.368,1.542,NA
"elemental_isotope","Primary site × species × week","nitro_perc","Foliar nitrogen","%","c","d",7,4,4,1.405,0.074,0.037,0.118,1.287,1.523,NA
"elemental_isotope","Primary site × species × week","nitro_perc","Foliar nitrogen","%","c","d",8,4,4,1.158,0.176,0.088,0.281,0.877,1.438,NA
"elemental_isotope","Primary site × species × week","nitro_perc","Foliar nitrogen","%","c","d",9,4,4,1.24,0.26,0.13,0.414,0.826,1.654,NA
"elemental_isotope","Primary site × species × week","nitro_perc","Foliar nitrogen","%","c","d",10,4,4,1.345,0.087,0.044,0.139,1.206,1.484,NA
"elemental_isotope","Primary site × species × week","nitro_perc","Foliar nitrogen","%","c","h",1,5,5,3.308,0.693,0.31,0.861,2.447,4.169,NA
"elemental_isotope","Primary site × species × week","nitro_perc","Foliar nitrogen","%","c","h",2,5,5,3.518,0.241,0.108,0.299,3.219,3.817,NA
"elemental_isotope","Primary site × species × week","nitro_perc","Foliar nitrogen","%","c","h",3,5,5,2.972,0.271,0.121,0.337,2.635,3.309,NA
"elemental_isotope","Primary site × species × week","nitro_perc","Foliar nitrogen","%","c","h",4,5,5,2.888,0.185,0.083,0.229,2.659,3.117,NA
"elemental_isotope","Primary site × species × week","nitro_perc","Foliar nitrogen","%","c","h",5,5,5,2.85,0.485,0.217,0.603,2.247,3.453,NA
"elemental_isotope","Primary site × species × week","nitro_perc","Foliar nitrogen","%","c","h",6,5,5,2.544,0.297,0.133,0.369,2.175,2.913,NA
"elemental_isotope","Primary site × species × week","nitro_perc","Foliar nitrogen","%","c","h",7,5,5,2.488,0.218,0.098,0.271,2.217,2.759,NA
"elemental_isotope","Primary site × species × week","nitro_perc","Foliar nitrogen","%","c","h",8,5,5,2.464,0.47,0.21,0.584,1.88,3.048,NA
"elemental_isotope","Primary site × species × week","nitro_perc","Foliar nitrogen","%","c","h",9,5,5,2.536,0.132,0.059,0.164,2.372,2.7,NA
"elemental_isotope","Primary site × species × week","nitro_perc","Foliar nitrogen","%","c","h",10,5,5,2.538,0.142,0.063,0.176,2.362,2.714,NA
"elemental_isotope","Primary site × species × week","nitro_perc","Foliar nitrogen","%","c","m",1,5,5,2.69,0.195,0.087,0.242,2.448,2.932,NA
"elemental_isotope","Primary site × species × week","nitro_perc","Foliar nitrogen","%","c","m",2,5,5,2.654,0.378,0.169,0.469,2.185,3.123,NA
"elemental_isotope","Primary site × species × week","nitro_perc","Foliar nitrogen","%","c","m",3,5,5,2.402,0.224,0.1,0.278,2.124,2.68,NA
"elemental_isotope","Primary site × species × week","nitro_perc","Foliar nitrogen","%","c","m",4,5,5,2.44,0.166,0.074,0.206,2.234,2.646,NA
"elemental_isotope","Primary site × species × week","nitro_perc","Foliar nitrogen","%","c","m",5,5,5,2.314,0.202,0.09,0.25,2.064,2.564,NA
"elemental_isotope","Primary site × species × week","nitro_perc","Foliar nitrogen","%","c","m",6,5,5,2.312,0.226,0.101,0.281,2.031,2.593,NA
"elemental_isotope","Primary site × species × week","nitro_perc","Foliar nitrogen","%","c","m",7,5,5,2.18,0.098,0.044,0.122,2.058,2.302,NA
"elemental_isotope","Primary site × species × week","nitro_perc","Foliar nitrogen","%","c","m",8,5,5,2.1,0.136,0.061,0.169,1.931,2.269,NA
"elemental_isotope","Primary site × species × week","nitro_perc","Foliar nitrogen","%","c","m",9,5,5,1.92,0.176,0.079,0.219,1.701,2.139,NA
"elemental_isotope","Primary site × species × week","nitro_perc","Foliar nitrogen","%","c","m",10,5,5,2.074,0.222,0.099,0.276,1.798,2.35,NA
"elemental_isotope","Primary site × species × week","nitro_perc","Foliar nitrogen","%","p","d",1,5,5,2.088,0.456,0.204,0.566,1.522,2.654,NA
"elemental_isotope","Primary site × species × week","nitro_perc","Foliar nitrogen","%","p","d",2,5,5,1.594,0.24,0.107,0.298,1.296,1.892,NA
"elemental_isotope","Primary site × species × week","nitro_perc","Foliar nitrogen","%","p","d",3,5,5,1.576,0.186,0.083,0.231,1.345,1.807,NA
"elemental_isotope","Primary site × species × week","nitro_perc","Foliar nitrogen","%","p","d",4,5,5,1.342,0.214,0.096,0.265,1.077,1.607,NA
"elemental_isotope","Primary site × species × week","nitro_perc","Foliar nitrogen","%","p","d",5,5,5,1.454,0.234,0.104,0.29,1.164,1.744,NA
"elemental_isotope","Primary site × species × week","nitro_perc","Foliar nitrogen","%","p","d",6,5,5,1.294,0.2,0.089,0.248,1.046,1.542,NA
"elemental_isotope","Primary site × species × week","nitro_perc","Foliar nitrogen","%","p","d",7,5,5,1.27,0.19,0.085,0.235,1.035,1.505,NA
"elemental_isotope","Primary site × species × week","nitro_perc","Foliar nitrogen","%","p","d",8,5,5,1.196,0.208,0.093,0.258,0.938,1.454,NA
"elemental_isotope","Primary site × species × week","nitro_perc","Foliar nitrogen","%","p","d",9,5,5,1.198,0.133,0.059,0.165,1.033,1.363,NA
"elemental_isotope","Primary site × species × week","nitro_perc","Foliar nitrogen","%","p","d",10,5,5,1.228,0.124,0.056,0.154,1.074,1.382,NA
"elemental_isotope","Primary site × species × week","nitro_perc","Foliar nitrogen","%","p","h",1,4,4,3.538,0.391,0.196,0.623,2.915,4.16,NA
"elemental_isotope","Primary site × species × week","nitro_perc","Foliar nitrogen","%","p","h",2,4,4,2.96,0.528,0.264,0.84,2.12,3.8,NA
"elemental_isotope","Primary site × species × week","nitro_perc","Foliar nitrogen","%","p","h",3,4,4,2.872,0.513,0.256,0.816,2.057,3.688,NA
"elemental_isotope","Primary site × species × week","nitro_perc","Foliar nitrogen","%","p","h",4,4,4,2.953,0.306,0.153,0.487,2.466,3.439,NA
"elemental_isotope","Primary site × species × week","nitro_perc","Foliar nitrogen","%","p","h",5,4,4,2.708,0.568,0.284,0.904,1.803,3.612,NA
"elemental_isotope","Primary site × species × week","nitro_perc","Foliar nitrogen","%","p","h",6,4,4,2.458,0.397,0.199,0.632,1.825,3.09,NA
"elemental_isotope","Primary site × species × week","nitro_perc","Foliar nitrogen","%","p","h",7,4,4,2.725,0.358,0.179,0.57,2.155,3.295,NA
"elemental_isotope","Primary site × species × week","nitro_perc","Foliar nitrogen","%","p","h",8,4,4,2.522,0.144,0.072,0.229,2.294,2.751,NA
"elemental_isotope","Primary site × species × week","nitro_perc","Foliar nitrogen","%","p","h",9,4,4,2.345,0.117,0.059,0.187,2.158,2.532,NA
"elemental_isotope","Primary site × species × week","nitro_perc","Foliar nitrogen","%","p","h",10,4,4,2.582,0.18,0.09,0.287,2.296,2.869,NA
"elemental_isotope","Primary site × species × week","nitro_perc","Foliar nitrogen","%","p","m",1,5,5,2.498,0.224,0.1,0.278,2.22,2.776,NA
"elemental_isotope","Primary site × species × week","nitro_perc","Foliar nitrogen","%","p","m",2,5,5,2.194,0.235,0.105,0.291,1.903,2.485,NA
"elemental_isotope","Primary site × species × week","nitro_perc","Foliar nitrogen","%","p","m",3,5,5,2.026,0.167,0.075,0.207,1.819,2.233,NA
"elemental_isotope","Primary site × species × week","nitro_perc","Foliar nitrogen","%","p","m",4,5,5,2.01,0.241,0.108,0.299,1.711,2.309,NA
"elemental_isotope","Primary site × species × week","nitro_perc","Foliar nitrogen","%","p","m",5,5,5,1.94,0.279,0.125,0.346,1.594,2.286,NA
"elemental_isotope","Primary site × species × week","nitro_perc","Foliar nitrogen","%","p","m",6,5,5,2.002,0.242,0.108,0.301,1.701,2.303,NA
"elemental_isotope","Primary site × species × week","nitro_perc","Foliar nitrogen","%","p","m",7,5,5,2.062,0.185,0.083,0.23,1.832,2.292,NA
"elemental_isotope","Primary site × species × week","nitro_perc","Foliar nitrogen","%","p","m",8,5,5,2.042,0.129,0.057,0.16,1.882,2.202,NA
"elemental_isotope","Primary site × species × week","nitro_perc","Foliar nitrogen","%","p","m",9,5,5,2.012,0.218,0.097,0.27,1.742,2.282,NA
"elemental_isotope","Primary site × species × week","nitro_perc","Foliar nitrogen","%","p","m",10,5,5,1.904,0.308,0.138,0.382,1.522,2.286,NA
"elemental_isotope","Primary site × species × week","CN_ratio","Carbon to nitrogen ratio","unitless","c","d",1,4,4,22.342,4.016,2.008,6.39,15.952,28.732,NA
"elemental_isotope","Primary site × species × week","CN_ratio","Carbon to nitrogen ratio","unitless","c","d",2,4,4,24.01,2.412,1.206,3.837,20.173,27.848,NA
"elemental_isotope","Primary site × species × week","CN_ratio","Carbon to nitrogen ratio","unitless","c","d",3,4,4,27.34,1.787,0.893,2.843,24.497,30.184,NA
"elemental_isotope","Primary site × species × week","CN_ratio","Carbon to nitrogen ratio","unitless","c","d",4,4,4,30.341,1.584,0.792,2.52,27.821,32.861,NA
"elemental_isotope","Primary site × species × week","CN_ratio","Carbon to nitrogen ratio","unitless","c","d",5,4,4,32.444,1.616,0.808,2.571,29.873,35.016,NA
"elemental_isotope","Primary site × species × week","CN_ratio","Carbon to nitrogen ratio","unitless","c","d",6,4,4,31.293,1.909,0.954,3.037,28.256,34.33,NA
"elemental_isotope","Primary site × species × week","CN_ratio","Carbon to nitrogen ratio","unitless","c","d",7,4,4,32.161,1.481,0.741,2.357,29.805,34.518,NA
"elemental_isotope","Primary site × species × week","CN_ratio","Carbon to nitrogen ratio","unitless","c","d",8,4,4,39.935,6.054,3.027,9.633,30.302,49.568,NA
"elemental_isotope","Primary site × species × week","CN_ratio","Carbon to nitrogen ratio","unitless","c","d",9,4,4,37.674,6.991,3.496,11.125,26.549,48.799,NA
"elemental_isotope","Primary site × species × week","CN_ratio","Carbon to nitrogen ratio","unitless","c","d",10,4,4,35.859,1.868,0.934,2.972,32.887,38.831,NA
"elemental_isotope","Primary site × species × week","CN_ratio","Carbon to nitrogen ratio","unitless","c","h",1,5,5,16.103,3.85,1.722,4.78,11.323,20.884,NA
"elemental_isotope","Primary site × species × week","CN_ratio","Carbon to nitrogen ratio","unitless","c","h",2,5,5,14.048,1.157,0.517,1.437,12.611,15.485,NA
"elemental_isotope","Primary site × species × week","CN_ratio","Carbon to nitrogen ratio","unitless","c","h",3,5,5,16.408,1.411,0.631,1.752,14.656,18.16,NA
"elemental_isotope","Primary site × species × week","CN_ratio","Carbon to nitrogen ratio","unitless","c","h",4,5,5,16.746,1.167,0.522,1.449,15.297,18.195,NA
"elemental_isotope","Primary site × species × week","CN_ratio","Carbon to nitrogen ratio","unitless","c","h",5,5,5,18.004,3.158,1.412,3.921,14.083,21.925,NA
"elemental_isotope","Primary site × species × week","CN_ratio","Carbon to nitrogen ratio","unitless","c","h",6,5,5,19.271,1.883,0.842,2.338,16.933,21.61,NA
"elemental_isotope","Primary site × species × week","CN_ratio","Carbon to nitrogen ratio","unitless","c","h",7,5,5,19.592,1.71,0.765,2.123,17.469,21.715,NA
"elemental_isotope","Primary site × species × week","CN_ratio","Carbon to nitrogen ratio","unitless","c","h",8,5,5,20.401,3.422,1.53,4.249,16.151,24.65,NA
"elemental_isotope","Primary site × species × week","CN_ratio","Carbon to nitrogen ratio","unitless","c","h",9,5,5,19.204,1.286,0.575,1.596,17.608,20.8,NA
"elemental_isotope","Primary site × species × week","CN_ratio","Carbon to nitrogen ratio","unitless","c","h",10,5,5,20.541,0.963,0.43,1.195,19.346,21.736,NA
"elemental_isotope","Primary site × species × week","CN_ratio","Carbon to nitrogen ratio","unitless","c","m",1,5,5,19.149,1.384,0.619,1.719,17.43,20.868,NA
"elemental_isotope","Primary site × species × week","CN_ratio","Carbon to nitrogen ratio","unitless","c","m",2,5,5,19.003,2.444,1.093,3.035,15.968,22.038,NA
"elemental_isotope","Primary site × species × week","CN_ratio","Carbon to nitrogen ratio","unitless","c","m",3,5,5,20.322,1.852,0.828,2.3,18.023,22.622,NA
"elemental_isotope","Primary site × species × week","CN_ratio","Carbon to nitrogen ratio","unitless","c","m",4,5,5,19.82,1.674,0.749,2.078,17.741,21.898,NA
"elemental_isotope","Primary site × species × week","CN_ratio","Carbon to nitrogen ratio","unitless","c","m",5,5,5,21.356,1.776,0.794,2.205,19.151,23.561,NA
"elemental_isotope","Primary site × species × week","CN_ratio","Carbon to nitrogen ratio","unitless","c","m",6,5,5,21.565,2.149,0.961,2.668,18.898,24.233,NA
"elemental_isotope","Primary site × species × week","CN_ratio","Carbon to nitrogen ratio","unitless","c","m",7,5,5,22.896,1.443,0.646,1.792,21.103,24.688,NA
"elemental_isotope","Primary site × species × week","CN_ratio","Carbon to nitrogen ratio","unitless","c","m",8,5,5,22.954,1.343,0.601,1.668,21.286,24.622,NA
"elemental_isotope","Primary site × species × week","CN_ratio","Carbon to nitrogen ratio","unitless","c","m",9,5,5,25.797,2.364,1.057,2.936,22.861,28.733,NA
"elemental_isotope","Primary site × species × week","CN_ratio","Carbon to nitrogen ratio","unitless","c","m",10,5,5,24.525,2.837,1.269,3.523,21.002,28.048,NA
"elemental_isotope","Primary site × species × week","CN_ratio","Carbon to nitrogen ratio","unitless","p","d",1,5,5,23.304,4.678,2.092,5.809,17.495,29.113,NA
"elemental_isotope","Primary site × species × week","CN_ratio","Carbon to nitrogen ratio","unitless","p","d",2,5,5,28.514,4.521,2.022,5.614,22.9,34.128,NA
"elemental_isotope","Primary site × species × week","CN_ratio","Carbon to nitrogen ratio","unitless","p","d",3,5,5,28.701,3.343,1.495,4.151,24.55,32.852,NA
"elemental_isotope","Primary site × species × week","CN_ratio","Carbon to nitrogen ratio","unitless","p","d",4,5,5,33.744,5.381,2.407,6.682,27.063,40.426,NA
"elemental_isotope","Primary site × species × week","CN_ratio","Carbon to nitrogen ratio","unitless","p","d",5,5,5,30.955,4.869,2.178,6.046,24.908,37.001,NA
"elemental_isotope","Primary site × species × week","CN_ratio","Carbon to nitrogen ratio","unitless","p","d",6,5,5,34.887,5.129,2.294,6.368,28.519,41.255,NA
"elemental_isotope","Primary site × species × week","CN_ratio","Carbon to nitrogen ratio","unitless","p","d",7,5,5,35.827,4.942,2.21,6.136,29.691,41.963,NA
"elemental_isotope","Primary site × species × week","CN_ratio","Carbon to nitrogen ratio","unitless","p","d",8,5,5,38.602,6.879,3.077,8.542,30.061,47.144,NA
"elemental_isotope","Primary site × species × week","CN_ratio","Carbon to nitrogen ratio","unitless","p","d",9,5,5,37.632,3.695,1.653,4.588,33.044,42.22,NA
"elemental_isotope","Primary site × species × week","CN_ratio","Carbon to nitrogen ratio","unitless","p","d",10,5,5,37.443,3.039,1.359,3.774,33.67,41.217,NA
"elemental_isotope","Primary site × species × week","CN_ratio","Carbon to nitrogen ratio","unitless","p","h",1,4,4,14.386,1.352,0.676,2.152,12.234,16.537,NA
"elemental_isotope","Primary site × species × week","CN_ratio","Carbon to nitrogen ratio","unitless","p","h",2,4,4,16.874,2.949,1.475,4.693,12.181,21.567,NA
"elemental_isotope","Primary site × species × week","CN_ratio","Carbon to nitrogen ratio","unitless","p","h",3,4,4,16.241,2.058,1.029,3.275,12.966,19.517,NA
"elemental_isotope","Primary site × species × week","CN_ratio","Carbon to nitrogen ratio","unitless","p","h",4,4,4,16.741,1.643,0.821,2.614,14.127,19.355,NA
"elemental_isotope","Primary site × species × week","CN_ratio","Carbon to nitrogen ratio","unitless","p","h",5,4,4,19.339,4.08,2.04,6.492,12.847,25.831,NA
"elemental_isotope","Primary site × species × week","CN_ratio","Carbon to nitrogen ratio","unitless","p","h",6,4,4,20.149,2.899,1.449,4.613,15.536,24.762,NA
"elemental_isotope","Primary site × species × week","CN_ratio","Carbon to nitrogen ratio","unitless","p","h",7,4,4,18.084,2.509,1.255,3.993,14.091,22.077,NA
"elemental_isotope","Primary site × species × week","CN_ratio","Carbon to nitrogen ratio","unitless","p","h",8,4,4,18.887,0.922,0.461,1.467,17.419,20.354,NA
"elemental_isotope","Primary site × species × week","CN_ratio","Carbon to nitrogen ratio","unitless","p","h",9,4,4,20.884,1.339,0.669,2.13,18.753,23.014,NA
"elemental_isotope","Primary site × species × week","CN_ratio","Carbon to nitrogen ratio","unitless","p","h",10,4,4,19.532,1.192,0.596,1.896,17.636,21.428,NA
"elemental_isotope","Primary site × species × week","CN_ratio","Carbon to nitrogen ratio","unitless","p","m",1,5,5,20.546,1.461,0.653,1.814,18.733,22.36,NA
"elemental_isotope","Primary site × species × week","CN_ratio","Carbon to nitrogen ratio","unitless","p","m",2,5,5,21.967,2.574,1.151,3.196,18.771,25.163,NA
"elemental_isotope","Primary site × species × week","CN_ratio","Carbon to nitrogen ratio","unitless","p","m",3,5,5,23.781,2.286,1.022,2.839,20.942,26.62,NA
"elemental_isotope","Primary site × species × week","CN_ratio","Carbon to nitrogen ratio","unitless","p","m",4,5,5,24.019,3.256,1.456,4.043,19.976,28.062,NA
"elemental_isotope","Primary site × species × week","CN_ratio","Carbon to nitrogen ratio","unitless","p","m",5,5,5,26.915,3.914,1.75,4.86,22.055,31.774,NA
"elemental_isotope","Primary site × species × week","CN_ratio","Carbon to nitrogen ratio","unitless","p","m",6,5,5,25.175,3.445,1.54,4.277,20.898,29.452,NA
"elemental_isotope","Primary site × species × week","CN_ratio","Carbon to nitrogen ratio","unitless","p","m",7,5,5,24.341,2.181,0.975,2.708,21.633,27.049,NA
"elemental_isotope","Primary site × species × week","CN_ratio","Carbon to nitrogen ratio","unitless","p","m",8,5,5,23.137,2.1,0.939,2.608,20.53,25.745,NA
"elemental_isotope","Primary site × species × week","CN_ratio","Carbon to nitrogen ratio","unitless","p","m",9,5,5,24.516,2.769,1.238,3.438,21.078,27.954,NA
"elemental_isotope","Primary site × species × week","CN_ratio","Carbon to nitrogen ratio","unitless","p","m",10,5,5,27.161,4.301,1.923,5.34,21.821,32.502,NA
"elemental_isotope","Primary site × species × week","c13","delta13C","per mil","c","d",1,4,4,-25.352,1.109,0.554,1.764,-27.117,-23.588,NA
"elemental_isotope","Primary site × species × week","c13","delta13C","per mil","c","d",2,4,4,-25.828,1.102,0.551,1.754,-27.582,-24.073,NA
"elemental_isotope","Primary site × species × week","c13","delta13C","per mil","c","d",3,4,4,-25.512,1.035,0.517,1.646,-27.159,-23.866,NA
"elemental_isotope","Primary site × species × week","c13","delta13C","per mil","c","d",4,4,4,-25.815,1.144,0.572,1.82,-27.635,-23.995,NA
"elemental_isotope","Primary site × species × week","c13","delta13C","per mil","c","d",5,4,4,-25.938,0.411,0.206,0.654,-26.592,-25.283,NA
"elemental_isotope","Primary site × species × week","c13","delta13C","per mil","c","d",6,4,4,-26.055,1.112,0.556,1.77,-27.825,-24.285,NA
"elemental_isotope","Primary site × species × week","c13","delta13C","per mil","c","d",7,4,4,-25.935,1.107,0.553,1.761,-27.696,-24.174,NA
"elemental_isotope","Primary site × species × week","c13","delta13C","per mil","c","d",8,4,4,-26.21,0.714,0.357,1.137,-27.347,-25.073,NA
"elemental_isotope","Primary site × species × week","c13","delta13C","per mil","c","d",9,4,4,-25.758,1.547,0.773,2.461,-28.219,-23.296,NA
"elemental_isotope","Primary site × species × week","c13","delta13C","per mil","c","d",10,4,4,-25.67,1.533,0.766,2.439,-28.109,-23.231,NA
"elemental_isotope","Primary site × species × week","c13","delta13C","per mil","c","h",1,5,5,-26.974,1.574,0.704,1.954,-28.928,-25.02,NA
"elemental_isotope","Primary site × species × week","c13","delta13C","per mil","c","h",2,5,5,-27.274,0.607,0.271,0.753,-28.027,-26.521,NA
"elemental_isotope","Primary site × species × week","c13","delta13C","per mil","c","h",3,5,5,-25.8,0.791,0.354,0.982,-26.782,-24.818,NA
"elemental_isotope","Primary site × species × week","c13","delta13C","per mil","c","h",4,5,5,-27.146,1.858,0.831,2.307,-29.453,-24.839,NA
"elemental_isotope","Primary site × species × week","c13","delta13C","per mil","c","h",5,5,5,-26.026,1.15,0.514,1.428,-27.454,-24.598,NA
"elemental_isotope","Primary site × species × week","c13","delta13C","per mil","c","h",6,5,5,-27.2,1.679,0.751,2.085,-29.285,-25.115,NA
"elemental_isotope","Primary site × species × week","c13","delta13C","per mil","c","h",7,5,5,-26.996,1.896,0.848,2.354,-29.35,-24.642,NA
"elemental_isotope","Primary site × species × week","c13","delta13C","per mil","c","h",8,5,5,-26.908,1.31,0.586,1.627,-28.535,-25.281,NA
"elemental_isotope","Primary site × species × week","c13","delta13C","per mil","c","h",9,5,5,-27.24,1.131,0.506,1.404,-28.644,-25.836,NA
"elemental_isotope","Primary site × species × week","c13","delta13C","per mil","c","h",10,5,5,-27.028,1.619,0.724,2.011,-29.039,-25.017,NA
"elemental_isotope","Primary site × species × week","c13","delta13C","per mil","c","m",1,5,5,-27.362,0.384,0.172,0.477,-27.839,-26.885,NA
"elemental_isotope","Primary site × species × week","c13","delta13C","per mil","c","m",2,5,5,-27.574,0.417,0.187,0.518,-28.092,-27.056,NA
"elemental_isotope","Primary site × species × week","c13","delta13C","per mil","c","m",3,5,5,-26.526,0.32,0.143,0.397,-26.923,-26.129,NA
"elemental_isotope","Primary site × species × week","c13","delta13C","per mil","c","m",4,5,5,-27.822,0.747,0.334,0.928,-28.75,-26.894,NA
"elemental_isotope","Primary site × species × week","c13","delta13C","per mil","c","m",5,5,5,-27.178,0.625,0.279,0.776,-27.954,-26.402,NA
"elemental_isotope","Primary site × species × week","c13","delta13C","per mil","c","m",6,5,5,-27.606,0.452,0.202,0.561,-28.167,-27.045,NA
"elemental_isotope","Primary site × species × week","c13","delta13C","per mil","c","m",7,5,5,-28.33,0.277,0.124,0.344,-28.674,-27.986,NA
"elemental_isotope","Primary site × species × week","c13","delta13C","per mil","c","m",8,5,5,-27.786,0.506,0.226,0.628,-28.414,-27.158,NA
"elemental_isotope","Primary site × species × week","c13","delta13C","per mil","c","m",9,5,5,-27.874,0.412,0.184,0.511,-28.385,-27.363,NA
"elemental_isotope","Primary site × species × week","c13","delta13C","per mil","c","m",10,5,5,-27.508,0.251,0.112,0.311,-27.819,-27.197,NA
"elemental_isotope","Primary site × species × week","c13","delta13C","per mil","p","d",1,5,5,-26.258,0.641,0.287,0.796,-27.054,-25.462,NA
"elemental_isotope","Primary site × species × week","c13","delta13C","per mil","p","d",2,5,5,-26.682,1.105,0.494,1.372,-28.054,-25.31,NA
"elemental_isotope","Primary site × species × week","c13","delta13C","per mil","p","d",3,5,5,-25.476,0.724,0.324,0.899,-26.375,-24.577,NA
"elemental_isotope","Primary site × species × week","c13","delta13C","per mil","p","d",4,5,5,-25.55,0.822,0.368,1.02,-26.57,-24.53,NA
"elemental_isotope","Primary site × species × week","c13","delta13C","per mil","p","d",5,5,5,-25.242,1.173,0.525,1.456,-26.698,-23.786,NA
"elemental_isotope","Primary site × species × week","c13","delta13C","per mil","p","d",6,5,5,-25.94,0.768,0.343,0.953,-26.893,-24.987,NA
"elemental_isotope","Primary site × species × week","c13","delta13C","per mil","p","d",7,5,5,-26.068,0.657,0.294,0.816,-26.884,-25.252,NA
"elemental_isotope","Primary site × species × week","c13","delta13C","per mil","p","d",8,5,5,-26.156,0.741,0.331,0.92,-27.076,-25.236,NA
"elemental_isotope","Primary site × species × week","c13","delta13C","per mil","p","d",9,5,5,-26.148,1.072,0.479,1.331,-27.479,-24.817,NA
"elemental_isotope","Primary site × species × week","c13","delta13C","per mil","p","d",10,5,5,-26.388,1.23,0.55,1.527,-27.915,-24.861,NA
"elemental_isotope","Primary site × species × week","c13","delta13C","per mil","p","h",1,4,4,-25.62,0.557,0.279,0.887,-26.507,-24.733,NA
"elemental_isotope","Primary site × species × week","c13","delta13C","per mil","p","h",2,4,4,-26.638,1.084,0.542,1.724,-28.362,-24.913,NA
"elemental_isotope","Primary site × species × week","c13","delta13C","per mil","p","h",3,4,4,-25.65,0.619,0.31,0.986,-26.636,-24.664,NA
"elemental_isotope","Primary site × species × week","c13","delta13C","per mil","p","h",4,4,4,-25.98,0.367,0.184,0.584,-26.564,-25.396,NA
"elemental_isotope","Primary site × species × week","c13","delta13C","per mil","p","h",5,4,4,-24.475,0.391,0.196,0.623,-25.098,-23.852,NA
"elemental_isotope","Primary site × species × week","c13","delta13C","per mil","p","h",6,4,4,-25.61,0.622,0.311,0.99,-26.6,-24.62,NA
"elemental_isotope","Primary site × species × week","c13","delta13C","per mil","p","h",7,4,4,-25.733,0.613,0.306,0.975,-26.708,-24.757,NA
"elemental_isotope","Primary site × species × week","c13","delta13C","per mil","p","h",8,4,4,-25.778,0.654,0.327,1.041,-26.819,-24.736,NA
"elemental_isotope","Primary site × species × week","c13","delta13C","per mil","p","h",9,4,4,-26.048,0.698,0.349,1.111,-27.159,-24.936,NA
"elemental_isotope","Primary site × species × week","c13","delta13C","per mil","p","h",10,4,4,-26.47,0.979,0.489,1.558,-28.028,-24.912,NA
"elemental_isotope","Primary site × species × week","c13","delta13C","per mil","p","m",1,5,5,-27.686,0.359,0.16,0.445,-28.131,-27.241,NA
"elemental_isotope","Primary site × species × week","c13","delta13C","per mil","p","m",2,5,5,-27.826,0.808,0.361,1.003,-28.829,-26.823,NA
"elemental_isotope","Primary site × species × week","c13","delta13C","per mil","p","m",3,5,5,-27.302,0.582,0.26,0.723,-28.025,-26.579,NA
"elemental_isotope","Primary site × species × week","c13","delta13C","per mil","p","m",4,5,5,-27.794,0.582,0.26,0.722,-28.516,-27.072,NA
"elemental_isotope","Primary site × species × week","c13","delta13C","per mil","p","m",5,5,5,-27.2,0.483,0.216,0.6,-27.8,-26.6,NA
"elemental_isotope","Primary site × species × week","c13","delta13C","per mil","p","m",6,5,5,-27.542,0.758,0.339,0.941,-28.483,-26.601,NA
"elemental_isotope","Primary site × species × week","c13","delta13C","per mil","p","m",7,5,5,-27.902,0.649,0.29,0.806,-28.708,-27.096,NA
"elemental_isotope","Primary site × species × week","c13","delta13C","per mil","p","m",8,5,5,-27.94,0.435,0.194,0.54,-28.48,-27.4,NA
"elemental_isotope","Primary site × species × week","c13","delta13C","per mil","p","m",9,5,5,-28.1,0.844,0.378,1.049,-29.149,-27.051,NA
"elemental_isotope","Primary site × species × week","c13","delta13C","per mil","p","m",10,5,5,-27.44,0.556,0.249,0.691,-28.131,-26.749,NA
"elemental_isotope","Downtown pit size × species × week","nitro_perc","Foliar nitrogen","%","c","d",1,2,2,2.005,0.049,0.035,0.445,1.56,2.45,"small"
"elemental_isotope","Downtown pit size × species × week","nitro_perc","Foliar nitrogen","%","c","d",2,2,2,1.83,0.071,0.05,0.635,1.195,2.465,"small"
"elemental_isotope","Downtown pit size × species × week","nitro_perc","Foliar nitrogen","%","c","d",3,2,2,1.59,0.113,0.08,1.016,0.574,2.606,"small"
"elemental_isotope","Downtown pit size × species × week","nitro_perc","Foliar nitrogen","%","c","d",4,2,2,1.46,0.113,0.08,1.016,0.444,2.476,"small"
"elemental_isotope","Downtown pit size × species × week","nitro_perc","Foliar nitrogen","%","c","d",5,2,2,1.36,0.028,0.02,0.254,1.106,1.614,"small"
"elemental_isotope","Downtown pit size × species × week","nitro_perc","Foliar nitrogen","%","c","d",6,2,2,1.415,0.049,0.035,0.445,0.97,1.86,"small"
"elemental_isotope","Downtown pit size × species × week","nitro_perc","Foliar nitrogen","%","c","d",7,2,2,1.455,0.078,0.055,0.699,0.756,2.154,"small"
"elemental_isotope","Downtown pit size × species × week","nitro_perc","Foliar nitrogen","%","c","d",8,2,2,1.3,0.028,0.02,0.254,1.046,1.554,"small"
"elemental_isotope","Downtown pit size × species × week","nitro_perc","Foliar nitrogen","%","c","d",9,2,2,1.185,0.247,0.175,2.224,-1.039,3.409,"small"
"elemental_isotope","Downtown pit size × species × week","nitro_perc","Foliar nitrogen","%","c","d",10,2,2,1.335,0.148,0.105,1.334,0.001,2.669,"small"
"elemental_isotope","Downtown pit size × species × week","nitro_perc","Foliar nitrogen","%","c","h",1,2,2,3.86,0.354,0.25,3.177,0.683,7.037,"small"
"elemental_isotope","Downtown pit size × species × week","nitro_perc","Foliar nitrogen","%","c","h",2,2,2,3.63,0.099,0.07,0.889,2.741,4.519,"small"
"elemental_isotope","Downtown pit size × species × week","nitro_perc","Foliar nitrogen","%","c","h",3,2,2,3.22,0.085,0.06,0.762,2.458,3.982,"small"
"elemental_isotope","Downtown pit size × species × week","nitro_perc","Foliar nitrogen","%","c","h",4,2,2,3.085,0.021,0.015,0.191,2.894,3.276,"small"
"elemental_isotope","Downtown pit size × species × week","nitro_perc","Foliar nitrogen","%","c","h",5,2,2,3.275,0.035,0.025,0.318,2.957,3.593,"small"
"elemental_isotope","Downtown pit size × species × week","nitro_perc","Foliar nitrogen","%","c","h",6,2,2,2.64,0.212,0.15,1.906,0.734,4.546,"small"
"elemental_isotope","Downtown pit size × species × week","nitro_perc","Foliar nitrogen","%","c","h",7,2,2,2.67,0,0,0,2.67,2.67,"small"
"elemental_isotope","Downtown pit size × species × week","nitro_perc","Foliar nitrogen","%","c","h",8,2,2,2.865,0.516,0.365,4.638,-1.773,7.503,"small"
"elemental_isotope","Downtown pit size × species × week","nitro_perc","Foliar nitrogen","%","c","h",9,2,2,2.595,0.035,0.025,0.318,2.277,2.913,"small"
"elemental_isotope","Downtown pit size × species × week","nitro_perc","Foliar nitrogen","%","c","h",10,2,2,2.57,0.212,0.15,1.906,0.664,4.476,"small"
"elemental_isotope","Downtown pit size × species × week","nitro_perc","Foliar nitrogen","%","c","m",1,3,3,2.677,0.199,0.115,0.493,2.183,3.17,"small"
"elemental_isotope","Downtown pit size × species × week","nitro_perc","Foliar nitrogen","%","c","m",2,3,3,2.697,0.492,0.284,1.223,1.474,3.919,"small"
"elemental_isotope","Downtown pit size × species × week","nitro_perc","Foliar nitrogen","%","c","m",3,3,3,2.443,0.24,0.139,0.596,1.847,3.04,"small"
"elemental_isotope","Downtown pit size × species × week","nitro_perc","Foliar nitrogen","%","c","m",4,3,3,2.403,0.214,0.123,0.531,1.872,2.935,"small"
"elemental_isotope","Downtown pit size × species × week","nitro_perc","Foliar nitrogen","%","c","m",5,3,3,2.297,0.21,0.121,0.521,1.775,2.818,"small"
"elemental_isotope","Downtown pit size × species × week","nitro_perc","Foliar nitrogen","%","c","m",6,3,3,2.307,0.006,0.003,0.014,2.292,2.321,"small"
"elemental_isotope","Downtown pit size × species × week","nitro_perc","Foliar nitrogen","%","c","m",7,3,3,2.16,0.114,0.066,0.282,1.878,2.442,"small"
"elemental_isotope","Downtown pit size × species × week","nitro_perc","Foliar nitrogen","%","c","m",8,3,3,2.087,0.104,0.06,0.259,1.828,2.345,"small"
"elemental_isotope","Downtown pit size × species × week","nitro_perc","Foliar nitrogen","%","c","m",9,3,3,1.83,0.175,0.101,0.435,1.395,2.265,"small"
"elemental_isotope","Downtown pit size × species × week","nitro_perc","Foliar nitrogen","%","c","m",10,3,3,2,0.191,0.11,0.474,1.526,2.474,"small"
"elemental_isotope","Downtown pit size × species × week","nitro_perc","Foliar nitrogen","%","c","d",1,2,2,2.265,0.658,0.465,5.908,-3.643,8.173,"large"
"elemental_isotope","Downtown pit size × species × week","nitro_perc","Foliar nitrogen","%","c","d",2,2,2,1.945,0.276,0.195,2.478,-0.533,4.423,"large"
"elemental_isotope","Downtown pit size × species × week","nitro_perc","Foliar nitrogen","%","c","d",3,2,2,1.675,0.148,0.105,1.334,0.341,3.009,"large"
"elemental_isotope","Downtown pit size × species × week","nitro_perc","Foliar nitrogen","%","c","d",4,2,2,1.465,0.035,0.025,0.318,1.147,1.783,"large"
"elemental_isotope","Downtown pit size × species × week","nitro_perc","Foliar nitrogen","%","c","d",5,2,2,1.365,0.007,0.005,0.064,1.301,1.429,"large"
"elemental_isotope","Downtown pit size × species × week","nitro_perc","Foliar nitrogen","%","c","d",6,2,2,1.495,0.007,0.005,0.064,1.431,1.559,"large"
"elemental_isotope","Downtown pit size × species × week","nitro_perc","Foliar nitrogen","%","c","d",7,2,2,1.355,0.021,0.015,0.191,1.164,1.546,"large"
"elemental_isotope","Downtown pit size × species × week","nitro_perc","Foliar nitrogen","%","c","d",8,2,2,1.015,0.106,0.075,0.953,0.062,1.968,"large"
"elemental_isotope","Downtown pit size × species × week","nitro_perc","Foliar nitrogen","%","c","d",9,2,2,1.295,0.361,0.255,3.24,-1.945,4.535,"large"
"elemental_isotope","Downtown pit size × species × week","nitro_perc","Foliar nitrogen","%","c","d",10,2,2,1.355,0.021,0.015,0.191,1.164,1.546,"large"
"elemental_isotope","Downtown pit size × species × week","nitro_perc","Foliar nitrogen","%","c","h",1,3,3,2.94,0.625,0.361,1.553,1.387,4.493,"large"
"elemental_isotope","Downtown pit size × species × week","nitro_perc","Foliar nitrogen","%","c","h",2,3,3,3.443,0.301,0.174,0.747,2.696,4.191,"large"
"elemental_isotope","Downtown pit size × species × week","nitro_perc","Foliar nitrogen","%","c","h",3,3,3,2.807,0.203,0.117,0.504,2.302,3.311,"large"
"elemental_isotope","Downtown pit size × species × week","nitro_perc","Foliar nitrogen","%","c","h",4,3,3,2.757,0.057,0.033,0.141,2.615,2.898,"large"
"elemental_isotope","Downtown pit size × species × week","nitro_perc","Foliar nitrogen","%","c","h",5,3,3,2.567,0.412,0.238,1.023,1.543,3.59,"large"
"elemental_isotope","Downtown pit size × species × week","nitro_perc","Foliar nitrogen","%","c","h",6,3,3,2.48,0.373,0.215,0.926,1.554,3.406,"large"
"elemental_isotope","Downtown pit size × species × week","nitro_perc","Foliar nitrogen","%","c","h",7,3,3,2.367,0.2,0.116,0.498,1.869,2.864,"large"
"elemental_isotope","Downtown pit size × species × week","nitro_perc","Foliar nitrogen","%","c","h",8,3,3,2.197,0.202,0.117,0.503,1.694,2.699,"large"
"elemental_isotope","Downtown pit size × species × week","nitro_perc","Foliar nitrogen","%","c","h",9,3,3,2.497,0.169,0.097,0.419,2.078,2.916,"large"
"elemental_isotope","Downtown pit size × species × week","nitro_perc","Foliar nitrogen","%","c","h",10,3,3,2.517,0.127,0.073,0.315,2.202,2.831,"large"
"elemental_isotope","Downtown pit size × species × week","nitro_perc","Foliar nitrogen","%","c","m",1,2,2,2.71,0.269,0.19,2.414,0.296,5.124,"large"
"elemental_isotope","Downtown pit size × species × week","nitro_perc","Foliar nitrogen","%","c","m",2,2,2,2.59,0.269,0.19,2.414,0.176,5.004,"large"
"elemental_isotope","Downtown pit size × species × week","nitro_perc","Foliar nitrogen","%","c","m",3,2,2,2.34,0.269,0.19,2.414,-0.074,4.754,"large"
"elemental_isotope","Downtown pit size × species × week","nitro_perc","Foliar nitrogen","%","c","m",4,2,2,2.495,0.092,0.065,0.826,1.669,3.321,"large"
"elemental_isotope","Downtown pit size × species × week","nitro_perc","Foliar nitrogen","%","c","m",5,2,2,2.34,0.269,0.19,2.414,-0.074,4.754,"large"
"elemental_isotope","Downtown pit size × species × week","nitro_perc","Foliar nitrogen","%","c","m",6,2,2,2.32,0.453,0.32,4.066,-1.746,6.386,"large"
"elemental_isotope","Downtown pit size × species × week","nitro_perc","Foliar nitrogen","%","c","m",7,2,2,2.21,0.099,0.07,0.889,1.321,3.099,"large"
"elemental_isotope","Downtown pit size × species × week","nitro_perc","Foliar nitrogen","%","c","m",8,2,2,2.12,0.226,0.16,2.033,0.087,4.153,"large"
"elemental_isotope","Downtown pit size × species × week","nitro_perc","Foliar nitrogen","%","c","m",9,2,2,2.055,0.049,0.035,0.445,1.61,2.5,"large"
"elemental_isotope","Downtown pit size × species × week","nitro_perc","Foliar nitrogen","%","c","m",10,2,2,2.185,0.29,0.205,2.605,-0.42,4.79,"large"
"elemental_isotope","Downtown pit size × species × week","CN_ratio","Carbon to nitrogen ratio","unitless","c","d",1,2,2,23.794,0.679,0.48,6.101,17.692,29.895,"small"
"elemental_isotope","Downtown pit size × species × week","CN_ratio","Carbon to nitrogen ratio","unitless","c","d",2,2,2,24.935,0.894,0.632,8.032,16.904,32.967,"small"
"elemental_isotope","Downtown pit size × species × week","CN_ratio","Carbon to nitrogen ratio","unitless","c","d",3,2,2,28.508,1.726,1.221,15.508,13,44.016,"small"
"elemental_isotope","Downtown pit size × species × week","CN_ratio","Carbon to nitrogen ratio","unitless","c","d",4,2,2,31.104,2.241,1.584,20.133,10.971,51.236,"small"
"elemental_isotope","Downtown pit size × species × week","CN_ratio","Carbon to nitrogen ratio","unitless","c","d",5,2,2,33.778,0.805,0.569,7.235,26.543,41.014,"small"
"elemental_isotope","Downtown pit size × species × week","CN_ratio","Carbon to nitrogen ratio","unitless","c","d",6,2,2,32.661,1.627,1.151,14.62,18.041,47.281,"small"
"elemental_isotope","Downtown pit size × species × week","CN_ratio","Carbon to nitrogen ratio","unitless","c","d",7,2,2,31.355,1.963,1.388,17.636,13.719,48.991,"small"
"elemental_isotope","Downtown pit size × species × week","CN_ratio","Carbon to nitrogen ratio","unitless","c","d",8,2,2,35.101,0.133,0.094,1.193,33.909,36.294,"small"
"elemental_isotope","Downtown pit size × species × week","CN_ratio","Carbon to nitrogen ratio","unitless","c","d",9,2,2,39.281,7.178,5.075,64.488,-25.206,103.769,"small"
"elemental_isotope","Downtown pit size × species × week","CN_ratio","Carbon to nitrogen ratio","unitless","c","d",10,2,2,36.066,3.207,2.267,28.81,7.256,64.876,"small"
"elemental_isotope","Downtown pit size × species × week","CN_ratio","Carbon to nitrogen ratio","unitless","c","h",1,2,2,13.13,1.406,0.994,12.633,0.498,25.763,"small"
"elemental_isotope","Downtown pit size × species × week","CN_ratio","Carbon to nitrogen ratio","unitless","c","h",2,2,2,13.436,0.135,0.095,1.209,12.226,14.645,"small"
"elemental_isotope","Downtown pit size × species × week","CN_ratio","Carbon to nitrogen ratio","unitless","c","h",3,2,2,15.094,0.323,0.228,2.903,12.191,17.997,"small"
"elemental_isotope","Downtown pit size × species × week","CN_ratio","Carbon to nitrogen ratio","unitless","c","h",4,2,2,15.505,0.217,0.153,1.946,13.559,17.451,"small"
"elemental_isotope","Downtown pit size × species × week","CN_ratio","Carbon to nitrogen ratio","unitless","c","h",5,2,2,15.468,0.243,0.172,2.179,13.289,17.648,"small"
"elemental_isotope","Downtown pit size × species × week","CN_ratio","Carbon to nitrogen ratio","unitless","c","h",6,2,2,18.808,1.198,0.847,10.762,8.045,29.57,"small"
"elemental_isotope","Downtown pit size × species × week","CN_ratio","Carbon to nitrogen ratio","unitless","c","h",7,2,2,18.213,0.132,0.094,1.19,17.024,19.403,"small"
"elemental_isotope","Downtown pit size × species × week","CN_ratio","Carbon to nitrogen ratio","unitless","c","h",8,2,2,17.329,2.708,1.915,24.327,-6.997,41.656,"small"
"elemental_isotope","Downtown pit size × species × week","CN_ratio","Carbon to nitrogen ratio","unitless","c","h",9,2,2,18.878,0.448,0.317,4.025,14.853,22.902,"small"
"elemental_isotope","Downtown pit size × species × week","CN_ratio","Carbon to nitrogen ratio","unitless","c","h",10,2,2,20.59,1.468,1.038,13.193,7.397,33.783,"small"
"elemental_isotope","Downtown pit size × species × week","CN_ratio","Carbon to nitrogen ratio","unitless","c","m",1,3,3,19.22,1.415,0.817,3.514,15.706,22.734,"small"
"elemental_isotope","Downtown pit size × species × week","CN_ratio","Carbon to nitrogen ratio","unitless","c","m",2,3,3,18.813,3.161,1.825,7.853,10.959,26.666,"small"
"elemental_isotope","Downtown pit size × species × week","CN_ratio","Carbon to nitrogen ratio","unitless","c","m",3,3,3,19.954,1.731,0.999,4.299,15.654,24.253,"small"
"elemental_isotope","Downtown pit size × species × week","CN_ratio","Carbon to nitrogen ratio","unitless","c","m",4,3,3,20.503,1.822,1.052,4.527,15.976,25.031,"small"
"elemental_isotope","Downtown pit size × species × week","CN_ratio","Carbon to nitrogen ratio","unitless","c","m",5,3,3,21.58,2.123,1.226,5.274,16.306,26.854,"small"
"elemental_isotope","Downtown pit size × species × week","CN_ratio","Carbon to nitrogen ratio","unitless","c","m",6,3,3,21.605,0.379,0.219,0.942,20.663,22.546,"small"
"elemental_isotope","Downtown pit size × species × week","CN_ratio","Carbon to nitrogen ratio","unitless","c","m",7,3,3,23.593,1.137,0.656,2.824,20.77,26.417,"small"
"elemental_isotope","Downtown pit size × species × week","CN_ratio","Carbon to nitrogen ratio","unitless","c","m",8,3,3,23.439,0.623,0.36,1.549,21.891,24.988,"small"
"elemental_isotope","Downtown pit size × species × week","CN_ratio","Carbon to nitrogen ratio","unitless","c","m",9,3,3,27.049,2.151,1.242,5.343,21.706,32.392,"small"
"elemental_isotope","Downtown pit size × species × week","CN_ratio","Carbon to nitrogen ratio","unitless","c","m",10,3,3,25.608,2.531,1.461,6.286,19.322,31.894,"small"
"elemental_isotope","Downtown pit size × species × week","CN_ratio","Carbon to nitrogen ratio","unitless","c","d",1,2,2,20.89,6.284,4.443,56.457,-35.566,77.347,"large"
"elemental_isotope","Downtown pit size × species × week","CN_ratio","Carbon to nitrogen ratio","unitless","c","d",2,2,2,23.086,3.637,2.572,32.675,-9.589,55.76,"large"
"elemental_isotope","Downtown pit size × species × week","CN_ratio","Carbon to nitrogen ratio","unitless","c","d",3,2,2,26.173,1.071,0.757,9.62,16.553,35.793,"large"
"elemental_isotope","Downtown pit size × species × week","CN_ratio","Carbon to nitrogen ratio","unitless","c","d",4,2,2,29.578,0.419,0.297,3.768,25.81,33.347,"large"
"elemental_isotope","Downtown pit size × species × week","CN_ratio","Carbon to nitrogen ratio","unitless","c","d",5,2,2,31.111,0.26,0.184,2.332,28.778,33.443,"large"
"elemental_isotope","Downtown pit size × species × week","CN_ratio","Carbon to nitrogen ratio","unitless","c","d",6,2,2,29.925,0.894,0.632,8.029,21.897,37.954,"large"
"elemental_isotope","Downtown pit size × species × week","CN_ratio","Carbon to nitrogen ratio","unitless","c","d",7,2,2,32.968,0.355,0.251,3.193,29.775,36.161,"large"
"elemental_isotope","Downtown pit size × species × week","CN_ratio","Carbon to nitrogen ratio","unitless","c","d",8,2,2,44.769,4.058,2.87,36.462,8.307,81.231,"large"
"elemental_isotope","Downtown pit size × species × week","CN_ratio","Carbon to nitrogen ratio","unitless","c","d",9,2,2,36.066,9.208,6.511,82.731,-46.665,118.797,"large"
"elemental_isotope","Downtown pit size × species × week","CN_ratio","Carbon to nitrogen ratio","unitless","c","d",10,2,2,35.652,0.12,0.085,1.08,34.572,36.733,"large"
"elemental_isotope","Downtown pit size × species × week","CN_ratio","Carbon to nitrogen ratio","unitless","c","h",1,3,3,18.085,3.732,2.154,9.27,8.815,27.355,"large"
"elemental_isotope","Downtown pit size × species × week","CN_ratio","Carbon to nitrogen ratio","unitless","c","h",2,3,3,14.456,1.43,0.825,3.552,10.905,18.008,"large"
"elemental_isotope","Downtown pit size × species × week","CN_ratio","Carbon to nitrogen ratio","unitless","c","h",3,3,3,17.284,1.026,0.592,2.549,14.735,19.833,"large"
"elemental_isotope","Downtown pit size × species × week","CN_ratio","Carbon to nitrogen ratio","unitless","c","h",4,3,3,17.574,0.366,0.211,0.909,16.665,18.482,"large"
"elemental_isotope","Downtown pit size × species × week","CN_ratio","Carbon to nitrogen ratio","unitless","c","h",5,3,3,19.695,3.033,1.751,7.534,12.161,27.229,"large"
"elemental_isotope","Downtown pit size × species × week","CN_ratio","Carbon to nitrogen ratio","unitless","c","h",6,3,3,19.58,2.453,1.416,6.094,13.486,25.674,"large"
"elemental_isotope","Downtown pit size × species × week","CN_ratio","Carbon to nitrogen ratio","unitless","c","h",7,3,3,20.511,1.635,0.944,4.061,16.449,24.572,"large"
"elemental_isotope","Downtown pit size × species × week","CN_ratio","Carbon to nitrogen ratio","unitless","c","h",8,3,3,22.448,2.009,1.16,4.991,17.458,27.439,"large"
"elemental_isotope","Downtown pit size × species × week","CN_ratio","Carbon to nitrogen ratio","unitless","c","h",9,3,3,19.421,1.74,1.005,4.323,15.099,23.744,"large"
"elemental_isotope","Downtown pit size × species × week","CN_ratio","Carbon to nitrogen ratio","unitless","c","h",10,3,3,20.509,0.878,0.507,2.181,18.328,22.69,"large"
"elemental_isotope","Downtown pit size × species × week","CN_ratio","Carbon to nitrogen ratio","unitless","c","m",1,2,2,19.043,1.904,1.346,17.105,1.938,36.147,"large"
"elemental_isotope","Downtown pit size × species × week","CN_ratio","Carbon to nitrogen ratio","unitless","c","m",2,2,2,19.288,1.908,1.349,17.145,2.143,36.433,"large"
"elemental_isotope","Downtown pit size × species × week","CN_ratio","Carbon to nitrogen ratio","unitless","c","m",3,2,2,20.875,2.59,1.832,23.275,-2.399,44.15,"large"
"elemental_isotope","Downtown pit size × species × week","CN_ratio","Carbon to nitrogen ratio","unitless","c","m",4,2,2,18.795,1.03,0.728,9.252,9.543,28.046,"large"
"elemental_isotope","Downtown pit size × species × week","CN_ratio","Carbon to nitrogen ratio","unitless","c","m",5,2,2,21.02,1.794,1.269,16.12,4.899,37.14,"large"
"elemental_isotope","Downtown pit size × species × week","CN_ratio","Carbon to nitrogen ratio","unitless","c","m",6,2,2,21.506,4.262,3.014,38.294,-16.788,59.8,"large"
"elemental_isotope","Downtown pit size × species × week","CN_ratio","Carbon to nitrogen ratio","unitless","c","m",7,2,2,21.849,1.449,1.025,13.019,8.83,34.868,"large"
"elemental_isotope","Downtown pit size × species × week","CN_ratio","Carbon to nitrogen ratio","unitless","c","m",8,2,2,22.226,2.162,1.529,19.426,2.8,41.652,"large"
"elemental_isotope","Downtown pit size × species × week","CN_ratio","Carbon to nitrogen ratio","unitless","c","m",9,2,2,23.919,1.165,0.823,10.463,13.456,34.382,"large"
"elemental_isotope","Downtown pit size × species × week","CN_ratio","Carbon to nitrogen ratio","unitless","c","m",10,2,2,22.9,3.255,2.302,29.248,-6.348,52.148,"large"
"elemental_isotope","Downtown pit size × species × week","c13","delta13C","per mil","c","d",1,2,2,-25.305,0.375,0.265,3.367,-28.672,-21.938,"small"
"elemental_isotope","Downtown pit size × species × week","c13","delta13C","per mil","c","d",2,2,2,-26.265,0.53,0.375,4.765,-31.03,-21.5,"small"
"elemental_isotope","Downtown pit size × species × week","c13","delta13C","per mil","c","d",3,2,2,-25.14,0.622,0.44,5.591,-30.731,-19.549,"small"
"elemental_isotope","Downtown pit size × species × week","c13","delta13C","per mil","c","d",4,2,2,-25.8,0.948,0.67,8.513,-34.313,-17.287,"small"
"elemental_isotope","Downtown pit size × species × week","c13","delta13C","per mil","c","d",5,2,2,-26.185,0.488,0.345,4.384,-30.569,-21.801,"small"
"elemental_isotope","Downtown pit size × species × week","c13","delta13C","per mil","c","d",6,2,2,-26.14,0.636,0.45,5.718,-31.858,-20.422,"small"
"elemental_isotope","Downtown pit size × species × week","c13","delta13C","per mil","c","d",7,2,2,-26.095,0.247,0.175,2.224,-28.319,-23.871,"small"
"elemental_isotope","Downtown pit size × species × week","c13","delta13C","per mil","c","d",8,2,2,-25.69,0.453,0.32,4.066,-29.756,-21.624,"small"
"elemental_isotope","Downtown pit size × species × week","c13","delta13C","per mil","c","d",9,2,2,-26.61,1.513,1.07,13.596,-40.206,-13.014,"small"
"elemental_isotope","Downtown pit size × species × week","c13","delta13C","per mil","c","d",10,2,2,-25.885,1.308,0.925,11.753,-37.638,-14.132,"small"
"elemental_isotope","Downtown pit size × species × week","c13","delta13C","per mil","c","h",1,2,2,-25.99,0.849,0.6,7.624,-33.614,-18.366,"small"
"elemental_isotope","Downtown pit size × species × week","c13","delta13C","per mil","c","h",2,2,2,-27.63,0.156,0.11,1.398,-29.028,-26.232,"small"
"elemental_isotope","Downtown pit size × species × week","c13","delta13C","per mil","c","h",3,2,2,-25.77,0.156,0.11,1.398,-27.168,-24.372,"small"
"elemental_isotope","Downtown pit size × species × week","c13","delta13C","per mil","c","h",4,2,2,-26.63,0.552,0.39,4.955,-31.585,-21.675,"small"
"elemental_isotope","Downtown pit size × species × week","c13","delta13C","per mil","c","h",5,2,2,-26.075,1.011,0.715,9.085,-35.16,-16.99,"small"
"elemental_isotope","Downtown pit size × species × week","c13","delta13C","per mil","c","h",6,2,2,-26.795,1.082,0.765,9.72,-36.515,-17.075,"small"
"elemental_isotope","Downtown pit size × species × week","c13","delta13C","per mil","c","h",7,2,2,-26.1,0.17,0.12,1.525,-27.625,-24.575,"small"
"elemental_isotope","Downtown pit size × species × week","c13","delta13C","per mil","c","h",8,2,2,-26.3,1.245,0.88,11.181,-37.481,-15.119,"small"
"elemental_isotope","Downtown pit size × species × week","c13","delta13C","per mil","c","h",9,2,2,-26.79,0.679,0.48,6.099,-32.889,-20.691,"small"
"elemental_isotope","Downtown pit size × species × week","c13","delta13C","per mil","c","h",10,2,2,-26.835,1.534,1.085,13.786,-40.621,-13.049,"small"
"elemental_isotope","Downtown pit size × species × week","c13","delta13C","per mil","c","m",1,3,3,-27.277,0.482,0.278,1.197,-28.474,-26.08,"small"
"elemental_isotope","Downtown pit size × species × week","c13","delta13C","per mil","c","m",2,3,3,-27.387,0.465,0.268,1.155,-28.542,-26.232,"small"
"elemental_isotope","Downtown pit size × species × week","c13","delta13C","per mil","c","m",3,3,3,-26.457,0.418,0.241,1.038,-27.494,-25.419,"small"
"elemental_isotope","Downtown pit size × species × week","c13","delta13C","per mil","c","m",4,3,3,-27.51,0.865,0.499,2.148,-29.658,-25.362,"small"
"elemental_isotope","Downtown pit size × species × week","c13","delta13C","per mil","c","m",5,3,3,-26.957,0.542,0.313,1.347,-28.304,-25.609,"small"
"elemental_isotope","Downtown pit size × species × week","c13","delta13C","per mil","c","m",6,3,3,-27.657,0.631,0.364,1.568,-29.225,-26.088,"small"
"elemental_isotope","Downtown pit size × species × week","c13","delta13C","per mil","c","m",7,3,3,-28.407,0.363,0.209,0.901,-29.307,-27.506,"small"
"elemental_isotope","Downtown pit size × species × week","c13","delta13C","per mil","c","m",8,3,3,-27.863,0.653,0.377,1.622,-29.485,-26.242,"small"
"elemental_isotope","Downtown pit size × species × week","c13","delta13C","per mil","c","m",9,3,3,-27.627,0.311,0.179,0.772,-28.398,-26.855,"small"
"elemental_isotope","Downtown pit size × species × week","c13","delta13C","per mil","c","m",10,3,3,-27.41,0.243,0.14,0.604,-28.014,-26.806,"small"
"elemental_isotope","Downtown pit size × species × week","c13","delta13C","per mil","c","d",1,2,2,-25.4,1.881,1.33,16.899,-42.299,-8.501,"large"
"elemental_isotope","Downtown pit size × species × week","c13","delta13C","per mil","c","d",2,2,2,-25.39,1.612,1.14,14.485,-39.875,-10.905,"large"
"elemental_isotope","Downtown pit size × species × week","c13","delta13C","per mil","c","d",3,2,2,-25.885,1.506,1.065,13.532,-39.417,-12.353,"large"
"elemental_isotope","Downtown pit size × species × week","c13","delta13C","per mil","c","d",4,2,2,-25.83,1.739,1.23,15.629,-41.459,-10.201,"large"
"elemental_isotope","Downtown pit size × species × week","c13","delta13C","per mil","c","d",5,2,2,-25.69,0.156,0.11,1.398,-27.088,-24.292,"large"
"elemental_isotope","Downtown pit size × species × week","c13","delta13C","per mil","c","d",6,2,2,-25.97,1.81,1.28,16.264,-42.234,-9.706,"large"
"elemental_isotope","Downtown pit size × species × week","c13","delta13C","per mil","c","d",7,2,2,-25.775,1.874,1.325,16.836,-42.611,-8.939,"large"
"elemental_isotope","Downtown pit size × species × week","c13","delta13C","per mil","c","d",8,2,2,-26.73,0.495,0.35,4.447,-31.177,-22.283,"large"
"elemental_isotope","Downtown pit size × species × week","c13","delta13C","per mil","c","d",9,2,2,-24.905,1.407,0.995,12.643,-37.548,-12.262,"large"
"elemental_isotope","Downtown pit size × species × week","c13","delta13C","per mil","c","d",10,2,2,-25.455,2.27,1.605,20.393,-45.848,-5.062,"large"
"elemental_isotope","Downtown pit size × species × week","c13","delta13C","per mil","c","h",1,3,3,-27.63,1.727,0.997,4.29,-31.92,-23.34,"large"
"elemental_isotope","Downtown pit size × species × week","c13","delta13C","per mil","c","h",2,3,3,-27.037,0.716,0.414,1.779,-28.816,-25.257,"large"
"elemental_isotope","Downtown pit size × species × week","c13","delta13C","per mil","c","h",3,3,3,-25.82,1.112,0.642,2.763,-28.583,-23.057,"large"
"elemental_isotope","Downtown pit size × species × week","c13","delta13C","per mil","c","h",4,3,3,-27.49,2.512,1.45,6.24,-33.73,-21.25,"large"
"elemental_isotope","Downtown pit size × species × week","c13","delta13C","per mil","c","h",5,3,3,-25.993,1.459,0.843,3.625,-29.619,-22.368,"large"
"elemental_isotope","Downtown pit size × species × week","c13","delta13C","per mil","c","h",6,3,3,-27.47,2.187,1.263,5.432,-32.902,-22.038,"large"
"elemental_isotope","Downtown pit size × species × week","c13","delta13C","per mil","c","h",7,3,3,-27.593,2.415,1.395,6,-33.594,-21.593,"large"
"elemental_isotope","Downtown pit size × species × week","c13","delta13C","per mil","c","h",8,3,3,-27.313,1.429,0.825,3.55,-30.863,-23.764,"large"
"elemental_isotope","Downtown pit size × species × week","c13","delta13C","per mil","c","h",9,3,3,-27.54,1.41,0.814,3.504,-31.044,-24.036,"large"
"elemental_isotope","Downtown pit size × species × week","c13","delta13C","per mil","c","h",10,3,3,-27.157,2.001,1.155,4.971,-32.128,-22.185,"large"
"elemental_isotope","Downtown pit size × species × week","c13","delta13C","per mil","c","m",1,2,2,-27.49,0.269,0.19,2.414,-29.904,-25.076,"large"
"elemental_isotope","Downtown pit size × species × week","c13","delta13C","per mil","c","m",2,2,2,-27.855,0.007,0.005,0.064,-27.919,-27.791,"large"
"elemental_isotope","Downtown pit size × species × week","c13","delta13C","per mil","c","m",3,2,2,-26.63,0.156,0.11,1.398,-28.028,-25.232,"large"
"elemental_isotope","Downtown pit size × species × week","c13","delta13C","per mil","c","m",4,2,2,-28.29,0.085,0.06,0.762,-29.052,-27.528,"large"
"elemental_isotope","Downtown pit size × species × week","c13","delta13C","per mil","c","m",5,2,2,-27.51,0.778,0.55,6.988,-34.498,-20.522,"large"
"elemental_isotope","Downtown pit size × species × week","c13","delta13C","per mil","c","m",6,2,2,-27.53,0,0,0,-27.53,-27.53,"large"
"elemental_isotope","Downtown pit size × species × week","c13","delta13C","per mil","c","m",7,2,2,-28.215,0.007,0.005,0.064,-28.279,-28.151,"large"
"elemental_isotope","Downtown pit size × species × week","c13","delta13C","per mil","c","m",8,2,2,-27.67,0.354,0.25,3.177,-30.847,-24.493,"large"
"elemental_isotope","Downtown pit size × species × week","c13","delta13C","per mil","c","m",9,2,2,-28.245,0.163,0.115,1.461,-29.706,-26.784,"large"
"elemental_isotope","Downtown pit size × species × week","c13","delta13C","per mil","c","m",10,2,2,-27.655,0.247,0.175,2.224,-29.879,-25.431,"large"
